Pressure_hPa,Height_km,MAE,Samples
1000,0.1,0.87517023,241
925,0.7,2.050074,484
850,1.5,2.440145,80
700,3.0,1.4757245,322
500,5.5,1.6773496,565
400,7.2,3.0049267,161
300,9.5,2.9723554,403
250,10.8,2.5071554,645
200,12.0,1.5633043,645
150,13.5,1.1948292,403
100,16.0,1.22702,161
70,18.5,0.60925657,565
50,20.5,0.6504324,322
30,23.0,1.4199632,80
20,26.0,0.8357897,484
10,30.0,2.4259038,241
